mutation_id	mutation_id	sample_id	cluster_id	cellular_prevalence	cellular_prevalence_std	variant_allele_frequency	CI95
1	Pt103_pre:ANKRD36:chr2_97864353_A_T	Pt103_pre	3	0.355071833074	0.121749051974	0.0457516339869	0.59369997494304
2	Pt103_pre:ANKRD36:chr2_97864366_G_A	Pt103_pre	14	0.716304310826	0.14962369935	0.11038961039	1.009566761552
3	Pt103_pre:AQP7:chr9_33385852_C_T	Pt103_pre	12	0.766235688732	0.146696872624	0.127272727273	1.05376155907504
4	Pt103_pre:AQP7:chr9_33386146_C_A	Pt103_pre	9	0.783395213388	0.124729500819	0.122807017544	1.02786503499324
5	Pt103_pre:ASIC2:chr17_32483265_C_T	Pt103_pre	3	0.372499013555	0.123176764775	0.0496894409938	0.613925472514
6	Pt103_pre:BHLHE22:chr8_65494023_A_G	Pt103_pre	3	0.327198149006	0.109486904399	0.0425531914894	0.54179248162804
7	Pt103_pre:DLL4:chr15_41228803_G_C	Pt103_pre	3	0.37749065971	0.136498262921	0.0483870967742	0.64502725503516
8	Pt103_pre:FCHO2:chr5_72286554_G_C	Pt103_pre	8	0.482070407793	0.176437072184	0.0641025641026	0.82788706927364
9	Pt103_pre:HID1:chr17_72949114_G_T	Pt103_pre	5	0.45161907743	0.168852447654	0.0588235294118	0.78256987483184
10	Pt103_pre:KERA:chr12_91449967_T_G	Pt103_pre	7	0.498761214193	0.161285060701	0.0695652173913	0.81487993316696
11	Pt103_pre:KIAA1715:chr2_176794871_G_A	Pt103_pre	3	0.359859572085	0.0979327489967	0.0496453900709	0.551807760118532
12	Pt103_pre:KRAS:chr12_25398282_C_A	Pt103_pre	10	0.766752722467	0.125374872847	0.117870722433	1.01248747324712
13	Pt103_pre:LRRC74B:chr22_21403296_G_A	Pt103_pre	3	0.321328031775	0.132057584841	0.0412371134021	0.58016089806336
14	Pt103_pre:MUC16:chr19_9005616_G_T	Pt103_pre	1	0.514403482251	0.169716517906	0.0714285714286	0.84704785734676
15	Pt103_pre:PRDM2:chr1_14105124_A_T	Pt103_pre	3	0.377790826097	0.136965657718	0.0491803278689	0.64624351522428
16	Pt103_pre:PTPRZ1:chr7_121694041_A_G	Pt103_pre	2	0.551403100819	0.149217608257	0.0804597701149	0.84386961300272
17	Pt103_pre:SH3BP1:chr22_38037456_C_T	Pt103_pre	6	0.456351076048	0.175865545209	0.0636942675159	0.80104754465764
18	Pt103_pre:TMTC1:chr12_29936444_T_G	Pt103_pre	13	0.763585265533	0.166011166393	0.155555555556	1.08896715166328
19	Pt103_pre:TMTC1:chr12_29936449_C_A	Pt103_pre	11	0.811379745042	0.142759913562	0.183673469388	1.09118917562352
20	Pt103_pre:TNXB:chr6_32063946_C_T	Pt103_pre	4	0.443667546904	0.134102840852	0.0652985074627	0.70650911497392
21	Pt103_pre:ZNF626:chr19_20807580_G_A	Pt103_pre	3	0.388227831705	0.104921404551	0.0539419087137	0.59387378462496
