mutation_id	mutation_id	sample_id	cluster_id	cellular_prevalence	cellular_prevalence_std	variant_allele_frequency	CI95
1	Pt108_pre:BMP4:chr14_54417301_G_A	Pt108_pre	1	0.861654360437	0.102091706431	0.240963855422	1.06175410504176
2	Pt108_pre:CENPB:chr20_3766337_G_T	Pt108_pre	1	0.893502903669	0.0879584262477	0.294642857143	1.06590141911449
3	Pt108_pre:CFDP1:chr16_75446501_C_T	Pt108_pre	1	0.859971972688	0.100762111036	0.235099337748	1.05746571031856
4	Pt108_pre:CNTN3:chr3_74548838_C_G	Pt108_pre	9	0.588011018802	0.183166467207	0.135802469136	0.94701729452772
5	Pt108_pre:DPP9:chr19_4697645_T_C	Pt108_pre	3	0.771018059503	0.156167727524	0.2	1.07710680545004
6	Pt108_pre:FANCD2:chr3_10108913_G_T	Pt108_pre	6	0.234955742613	0.0980821323261	0.05	0.427196721972156
7	Pt108_pre:FEM1C:chr5_114879091_A_C	Pt108_pre	2	0.746498995622	0.201321758692	0.231343283582	1.14108964265832
8	Pt108_pre:FOXL2NB:chr3_138669254_T_A	Pt108_pre	1	0.852575907772	0.11466162333	0.267605633803	1.0773126894988
9	Pt108_pre:FREM3:chr4_144619358_G_A	Pt108_pre	1	0.816630414819	0.124666238576	0.217105263158	1.06097624242796
10	Pt108_pre:HEPHL1:chr11_93796715_G_C	Pt108_pre	7	0.314656720531	0.12062300669	0.0714285714286	0.5510778136434
11	Pt108_pre:IRF2BPL:chr14_77493405_C_T	Pt108_pre	5	0.694149091965	0.167097497501	0.168421052632	1.02166018706696
12	Pt108_pre:MAEL:chr1_166990949_G_A	Pt108_pre	1	0.920765615488	0.0711100697726	0.350877192982	1.0601413522423
13	Pt108_pre:MEGF6:chr1_3415330_C_T	Pt108_pre	8	0.509535534417	0.164616478655	0.118644067797	0.8321838325808
14	Pt108_pre:MYH4:chr17_10350407_G_A	Pt108_pre	1	0.801458411161	0.131637886354	0.208955223881	1.05946866841484
15	Pt108_pre:PRCC:chr1_156737865_C_T	Pt108_pre	1	0.840844657598	0.116538598931	0.238532110092	1.06926031150276
16	Pt108_pre:SEL1L3:chr4_25819772_C_T	Pt108_pre	4	0.748697715912	0.158265221057	0.189873417722	1.05889754918372
17	Pt108_pre:VCPIP1:chr8_67547428_T_C	Pt108_pre	1	0.894139653453	0.0867810205062	0.272300469484	1.06423045364515
18	Pt108_pre:VSNL1:chr2_17830764_G_T	Pt108_pre	1	0.880762408891	0.0902596106317	0.251655629139	1.05767124572913
19	Pt108_pre:ZNF622:chr5_16465255_T_A	Pt108_pre	10	0.454650199876	0.20209010387	0.09375	0.8507468034612
