mutation_id	mutation_id	sample_id	cluster_id	cellular_prevalence	cellular_prevalence_std	variant_allele_frequency	CI95
1	Pt17_pre:ACKR1:chr1_159175470_T_C	Pt17_pre	10	0.745880773951	0.219165821743	0.296875	1.17544578456728
2	Pt17_pre:AGR3:chr7_16900190_T_A	Pt17_pre	3	0.1142486381	0.0533794307223	0.0380952380952	0.218872322315708
3	Pt17_pre:AQP7:chr9_33385103_G_A	Pt17_pre	3	0.146083781255	0.0522030007484	0.0571428571429	0.248401662721864
4	Pt17_pre:AQP7:chr9_33385287_T_C	Pt17_pre	11	0.533340158737	0.124972268225	0.232876712329	0.778285804458
5	Pt17_pre:CLCA4:chr1_87031484_G_A	Pt17_pre	9	0.818053286661	0.127113942113	0.41935483871	1.06719661320248
6	Pt17_pre:FNDC3A:chr13_49776048_C_T	Pt17_pre	12	0.606768223238	0.148005923815	0.265306122449	0.8968598339154
7	Pt17_pre:HOXD3:chr2_177034096_A_T	Pt17_pre	13	0.49671831934	0.181520043835	0.183574879227	0.8524976052566
8	Pt17_pre:MUC17:chr7_100678610_A_T	Pt17_pre	2	0.270886379256	0.0948809925892	0.114942528736	0.456853124730832
9	Pt17_pre:MUC17:chr7_100678616_G_A	Pt17_pre	1	0.318937547216	0.103419109962	0.136363636364	0.52163900274152
10	Pt17_pre:PACS1:chr11_65838061_A_C	Pt17_pre	3	0.119893302702	0.0524261977582	0.0423728813559	0.222648650308072
11	Pt17_pre:PAK2:chr3_196509577_C_G	Pt17_pre	3	0.129903765074	0.0572331429134	0.0645161290323	0.242080725184264
12	Pt17_pre:PCDHA6:chr5_140207779_G_A	Pt17_pre	3	0.122253005582	0.0491200974747	0.0451612903226	0.218528396632412
13	Pt17_pre:REEP5:chr5_112222861_C_T	Pt17_pre	7	0.867300137409	0.0976450540909	0.440677966102	1.05868444342716
14	Pt17_pre:RUNX1T1:chr8_92972633_C_T	Pt17_pre	5	0.313973662489	0.184020701968	0.0895856662934	0.67465423834628
15	Pt17_pre:SLC30A8:chr8_118174111_T_G	Pt17_pre	6	0.389546168972	0.231461637009	0.105504587156	0.84321097750964
16	Pt17_pre:UBALD2:chr17_74262001_C_T	Pt17_pre	8	0.907933086427	0.0687603257783	0.438524590164	1.04270332495247
17	Pt17_pre:USP6:chr17_5036748_G_T	Pt17_pre	4	0.19213588148	0.0598507818778	0.0818181818182	0.309443413960488
18	Pt17_pre:ZNF285:chr19_44891089_A_T	Pt17_pre	3	0.142203617678	0.0562739248884	0.0559440559441	0.252500510459264
19	Pt17_pre:ZNF845:chr19_53856702_G_A	Pt17_pre	4	0.18138833795	0.0601931049829	0.0769230769231	0.299366823716484
