mutation_id	mutation_id	sample_id	cluster_id	cellular_prevalence	cellular_prevalence_std	variant_allele_frequency	CI95
1	Pt37_pre:AHCYL2:chr7_129040194_G_A	Pt37_pre	1	0.896302536057	0.0761643272726	0.304761904762	1.0455846175113
2	Pt37_pre:AK5:chr1_78001569_C_A	Pt37_pre	5	0.124185041319	0.0537539468537	0.0458015267176	0.229542777152252
3	Pt37_pre:ANKRD30B:chr18_14779986_G_A	Pt37_pre	5	0.125316036991	0.0459352779767	0.038961038961	0.215349181825332
4	Pt37_pre:ATP12A:chr13_25283526_G_A	Pt37_pre	1	0.928096336825	0.0521317312865	0.334745762712	1.03027453014654
5	Pt37_pre:BRPF3:chr6_36168931_G_A	Pt37_pre	1	0.874139668859	0.172532940697	0.266666666667	1.21230423262512
6	Pt37_pre:CCNT1:chr12_49087831_A_C	Pt37_pre	1	0.945845889382	0.0379760683203	0.373205741627	1.02027898328979
7	Pt37_pre:FRG2B:chr10_135439079_A_T	Pt37_pre	7	0.363515169806	0.114828349307	0.169230769231	0.58857873444772
8	Pt37_pre:GIGYF2:chr2_233710567_A_G	Pt37_pre	1	0.922759675718	0.0519059046078	0.326589595376	1.02449524874929
9	Pt37_pre:GNAQ:chr9_80537112_T_A	Pt37_pre	6	0.224053644504	0.087250557643	0.104166666667	0.39506473748428
10	Pt37_pre:GOLGA6L4:chr15_84908766_T_G	Pt37_pre	4	0.631629761279	0.263909088176	0.16	1.14889157410396
11	Pt37_pre:KATNAL2:chr18_44589659_G_A	Pt37_pre	1	0.943933236458	0.0401583429013	0.385714285714	1.02264358854455
12	Pt37_pre:KCNA5:chr12_5154643_G_A	Pt37_pre	1	0.928742935943	0.0468785697377	0.330097087379	1.02062493262889
13	Pt37_pre:MYO3B:chr2_171243659_C_T	Pt37_pre	1	0.92889817229	0.0486555953177	0.33242506812	1.02426313911269
14	Pt37_pre:NRAS:chr1_115256530_G_T	Pt37_pre	1	0.952039587777	0.0299927361087	0.703125	1.01082535055005
15	Pt37_pre:OR1Q1:chr9_125377093_C_A	Pt37_pre	1	0.941640321123	0.0432264073813	0.375838926174	1.02636407959035
16	Pt37_pre:RALGAPA2:chr20_20620534_A_C	Pt37_pre	8	0.544023379705	0.0861875357323	0.275862068966	0.712950949740308
17	Pt37_pre:TEP1:chr14_20849819_C_T	Pt37_pre	1	0.926303012109	0.062922667819	0.392857142857	1.04963144103424
18	Pt37_pre:TPCN2:chr11_68835058_G_A	Pt37_pre	5	0.114573765536	0.0428646186674	0.0416666666667	0.198588418124104
19	Pt37_pre:TRIM54:chr2_27528684_A_G	Pt37_pre	3	0.82199811128	0.135811759007	0.263736263736	1.08818915893372
20	Pt37_pre:ZFHX4:chr8_77764897_G_A	Pt37_pre	2	0.851660608927	0.0993595120586	0.28125	1.04640525256186
