mutation_id	mutation_id	sample_id	cluster_id	cellular_prevalence	cellular_prevalence_std	variant_allele_frequency	CI95
1	Pt67_pre:CDC27:chr17_45216149_C_A	Pt67_pre	8	0.558021667741	0.202530116671	0.054347826087	0.95498069641616
2	Pt67_pre:CLCA2:chr1_86894108_T_G	Pt67_pre	1	0.797318111507	0.151815201893	0.125	1.09487590721728
3	Pt67_pre:GNAQ:chr9_80409488_T_G	Pt67_pre	4	0.717561840289	0.179414987672	0.0843373493976	1.06921521612612
4	Pt67_pre:HLA-A:chr6_29910688_A_G	Pt67_pre	6	0.59976343376	0.228454081418	0.064139941691	1.04753343333928
5	Pt67_pre:HLA-A:chr6_29910693_A_G	Pt67_pre	7	0.552150555684	0.222092841119	0.0581039755352	0.98745252427724
6	Pt67_pre:KMT2C:chr7_151884562_C_G	Pt67_pre	2	0.765079690636	0.140384545142	0.0874316939891	1.04023339911432
7	Pt67_pre:MYH1:chr17_10402103_G_T	Pt67_pre	1	0.831560712486	0.114096512258	0.102803738318	1.05518987651168
8	Pt67_pre:NDUFV2:chr18_9122638_G_C	Pt67_pre	9	0.378085337867	0.110093781779	0.0389972144847	0.59386915015384
9	Pt67_pre:NID1:chr1_236212189_G_A	Pt67_pre	3	0.705760065778	0.197398129561	0.1	1.09266039971756
10	Pt67_pre:PPAN:chr19_10221768_G_A	Pt67_pre	1	0.856104378187	0.107512179662	0.11801242236	1.06682825032452
11	Pt67_pre:SF3B1:chr2_198267483_C_T	Pt67_pre	1	0.872581634371	0.0938324804471	0.113074204947	1.05649329604732
12	Pt67_pre:SULT2B1:chr19_49100153_G_A	Pt67_pre	1	0.83713918334	0.122009014157	0.121495327103	1.07627685108772
13	Pt67_pre:USP25:chr21_17102737_C_A	Pt67_pre	5	0.71425304823	0.200098941749	0.111111111111	1.10644697405804
