mutation_id	mutation_id	sample_id	cluster_id	cellular_prevalence	cellular_prevalence_std	variant_allele_frequency	CI95
1	Pt73_pre:CDC27:chr17_45219260_G_T	Pt73_pre	1	0.255496509166	0.0760387826674	0.0583941605839	0.404532523194104
2	Pt73_pre:DEK:chr6_18264096_C_G	Pt73_pre	1	0.225706806456	0.0808956166156	0.0462962962963	0.384262215022576
3	Pt73_pre:FRG1:chr4_190864371_G_A	Pt73_pre	3	0.40239625368	0.135088029709	0.1	0.66716879190964
4	Pt73_pre:GBP7:chr1_89599084_G_C	Pt73_pre	1	0.293609049762	0.0729100413623	0.0731707317073	0.436512730832108
5	Pt73_pre:KIR2DL3:chr19_55263864_A_G	Pt73_pre	1	0.251295301221	0.0746778328936	0.0571428571429	0.397663853692456
6	Pt73_pre:KMT2C:chr7_151932949_C_A	Pt73_pre	1	0.27908823618	0.0631180541437	0.0688259109312	0.402799622301652
7	Pt73_pre:LOC100129307:chr13_78236389_G_A	Pt73_pre	2	0.366128175268	0.10471119127	0.0921985815603	0.5713621101572
8	Pt73_pre:NUTM2F:chr9_97087707_T_C	Pt73_pre	1	0.220684377253	0.0690046494448	0.046357615894	0.355933490164808
9	Pt73_pre:PAK2:chr3_196509577_C_G	Pt73_pre	1	0.218845679751	0.0683772799353	0.0466666666667	0.352865148424188
10	Pt73_pre:PIWIL2:chr8_22141690_G_T	Pt73_pre	1	0.335516676854	0.131856313071	0.0769230769231	0.59395505047316
11	Pt73_pre:SP6:chr17_45924796_T_G	Pt73_pre	1	0.223861556576	0.059189945875	0.0504587155963	0.339873850491
12	Pt73_pre:TMTC1:chr12_29936472_C_T	Pt73_pre	6	0.629377829319	0.177246444702	0.157894736842	0.97678086093492
13	Pt73_pre:TMTC1:chr12_29936501_C_T	Pt73_pre	4	0.770774180334	0.13690816812	0.208333333333	1.0391141898492
14	Pt73_pre:TMTC1:chr12_29936515_A_G	Pt73_pre	5	0.665388654751	0.153015258634	0.164705882353	0.96529856167364
