mutation_id	mutation_id	sample_id	cluster_id	cellular_prevalence	cellular_prevalence_std	variant_allele_frequency	CI95
1	Pt84_pre:GDAP1:chr8_75263665_C_G	Pt84_pre	5	0.595745613898	0.244859749041	0.266536964981	1.07567072201836
2	Pt84_pre:GLB1L2:chr11_134214975_G_A	Pt84_pre	6	0.666975338107	0.148647156375	0.388888888889	0.958323764602
3	Pt84_pre:GLIS3:chr9_4118686_A_C	Pt84_pre	1	0.771139409934	0.217963872951	0.267281105991	1.19834860091796
4	Pt84_pre:GNA11:chr19_3118942_A_T	Pt84_pre	1	0.903300640482	0.079385871573	0.5875	1.05889694876508
5	Pt84_pre:KCNC2:chr12_75444436_C_T	Pt84_pre	3	0.718021209337	0.219164515036	0.260273972603	1.14758365880756
6	Pt84_pre:KLHL32:chr6_97587107_C_A	Pt84_pre	2	0.833385800379	0.117447725169	0.35593220339	1.06358334171024
7	Pt84_pre:KRT78:chr12_53233687_C_G	Pt84_pre	1	0.88962776658	0.0841215949826	0.546762589928	1.0545060927459
8	Pt84_pre:NELL1:chr11_21250985_G_A	Pt84_pre	7	0.202697103382	0.102721319949	0.0609756097561	0.40403089048204
9	Pt84_pre:OR10H5:chr19_15905399_G_A	Pt84_pre	4	0.727513935542	0.210997960797	0.240384615385	1.14106993870412
10	Pt84_pre:RHAG:chr6_49583343_T_C	Pt84_pre	1	0.940155686121	0.059592618206	0.447236180905	1.05695721780476
