mutation_id	mutation_id	sample_id	cluster_id	cellular_prevalence	cellular_prevalence_std	variant_allele_frequency	CI95
1	Pt98_pre:ANGPTL1:chr1_178834424_G_A	Pt98_pre	1	0.976202532263	0.0215709081349	0.495412844037	1.0184815122074
2	Pt98_pre:ANKRD36B:chr2_98192847_T_C	Pt98_pre	2	0.146611775573	0.0440703501416	0.0679611650485	0.232989661850536
3	Pt98_pre:ATP6V0D2:chr8_87162407_G_T	Pt98_pre	1	0.842458422014	0.21500074209	0.222826086957	1.2638598765104
4	Pt98_pre:CHCHD1:chr10_75541834_A_G	Pt98_pre	1	0.972444719778	0.0293467032048	0.426229508197	1.02996425805941
5	Pt98_pre:COL6A3:chr2_238303530_G_A	Pt98_pre	1	0.969091233828	0.038798225352	0.448979591837	1.04513575551792
6	Pt98_pre:CREBZF:chr11_85375768_G_A	Pt98_pre	1	0.959354334872	0.0554917224961	0.370786516854	1.06811811096436
7	Pt98_pre:DNHD1:chr11_6569143_A_T	Pt98_pre	1	0.976519140913	0.0204512029955	0.437106918239	1.01660349878418
8	Pt98_pre:GNA11:chr19_3118942_A_T	Pt98_pre	1	0.971780771117	0.0316332440076	0.441558441558	1.0337819293719
9	Pt98_pre:KCNMA1:chr10_79397364_C_T	Pt98_pre	2	0.126694966504	0.0329886520955	0.0380952380952	0.19135272461118
10	Pt98_pre:MST1:chr3_49723542_G_C	Pt98_pre	2	0.123297052477	0.0306814180107	0.034965034965	0.183432631777972
11	Pt98_pre:MST1:chr3_49723545_G_A	Pt98_pre	2	0.125324542072	0.0305911247904	0.0397350993377	0.185283146661184
12	Pt98_pre:PEG3:chr19_57325989_C_A	Pt98_pre	2	0.198095002279	0.0778435921584	0.104761904762	0.350668442909464
13	Pt98_pre:RASEF:chr9_85640807_T_A	Pt98_pre	1	0.91956496576	0.106296883643	0.317073170732	1.12790685770028
14	Pt98_pre:RDX:chr11_110128583_C_G	Pt98_pre	1	0.972875624814	0.0277752988816	0.408653846154	1.02731521062194
15	Pt98_pre:SCN10A:chr3_38739493_C_T	Pt98_pre	2	0.133161678518	0.0305003175331	0.0541871921182	0.192942300882876
16	Pt98_pre:SF3B1:chr2_198267484_G_A	Pt98_pre	1	0.973967254731	0.025124257741	0.41628959276	1.02321079990336
17	Pt98_pre:SMDT1:chr22_42477957_C_T	Pt98_pre	1	0.974862611992	0.024099079976	0.466666666667	1.02209680874496
18	Pt98_pre:TRNAU1AP:chr1_28891255_G_A	Pt98_pre	2	0.172656535172	0.0786947991636	0.129032258065	0.326898341532656
19	Pt98_pre:ZNF165:chr6_28053472_G_C	Pt98_pre	1	0.974440408815	0.0247300126432	0.611510791367	1.02291123359567
